{
    "development": {
        "REACT_APP_ENV" : "development",
        "REACT_APP_API_HOST": "http://192.168.0.132:4200/v1",
        "REACT_APP_DEFAULTAUTH": "jwt",
        "BABEL_ENV": "development",
        "BABEL_PLUGINS": ["transform-remove-console"],
        "REACT_APP_HOST":"http://localhost:3000"
    },
    "staging": {
        "REACT_APP_ENV" : "staging",
        "REACT_APP_API_HOST": "https://lmn-redswitches.shinedezign.pro/v1",
        "REACT_APP_DEFAULTAUTH": "jwt",
        "BABEL_ENV": "staging",
        "BABEL_PLUGINS": ["transform-remove-console"],
        "REACT_APP_HOST":"https://redswitches.shinedezign.pro"
    },
    "production": {
        "REACT_APP_ENV" : "production",
        "REACT_APP_API_HOST": "https://lmn-app-nov22.tradesl.com/v1",
        "REACT_APP_DEFAULTAUTH": "jwt",
        "BABEL_ENV": "production",
        "BABEL_PLUGINS": ["transform-remove-console"],
        "REACT_APP_HOST":"https://app-nov22.tradesl.com"
    }
   }